{
  "id": "60ec5cd036471811ab559823",
  "created": 1626102992,
  "creator": {
    "id": "5962d4532ec10b431079fb93",
    "email": "5962d4532ec10b431079fb93@user.zeplin.io",
    "username": "dusskapark",
    "emotar": "🍅",
    "last_seen": 1627718073
  },
  "commit": {
    "color": { "r": 254, "b": 51, "g": 207, "a": 1 },
    "author": {
      "id": "5962d4532ec10b431079fb93",
      "email": "5962d4532ec10b431079fb93@user.zeplin.io",
      "username": "dusskapark",
      "emotar": "🍅",
      "last_seen": 1627718073
    }
  },
  "image_url": "https://public-cdn.zeplin.dev/5efd7a130a2a0880789be55b/screens/b81b2137-d2ce-4207-886d-c5c8b974c6cd.png?Expires=1630310279&Key-Pair-Id=APKAJKD6BRIMESUCGIPA&Signature=b7ln~JHHXllUxAlCx62KqI5vHb0VyyvJPelHlSRbbNDpePxfVLC8EX78aYXg8blChBH~Pvv0jYBnl1RD9XyVXdQLuh9EW9vhUhB8IQxNS2ItE2arN~mCG8OFnO~0AVnKrcmT7x4E0wDWxqXsJaMapDPNsI~UUrbHv~ApOvutCw2x2j2W0mlaUaNScI9iu6o~qx6SdkLMRMkii-u8prh520efah4Krnkm8Dnn0xGFMLUejUR7fp8yRH0w8LQKGxaJbe-kGWV9sN8rrHww~jZMbXOnYcywpTncw6Z65UUwDA6THfomv1tBaBUYHkZ4ol5EIYet44YgLCGdZhq7tL59Fg__",
  "thumbnails": {
    "small": "https://img.zeplin.io/p/5efd7a130a2a0880789be55b/screens/b81b2137-d2ce-4207-886d-c5c8b974c6cd.png?key=eyJhbGciOiJIUzI1NiIsInR5cCI6IkpXVCJ9.eyJyYXdLZXkiOiI1ZWZkN2ExMzBhMmEwODgwNzg5YmU1NWIvc2NyZWVucy9iODFiMjEzNy1kMmNlLTQyMDctODg2ZC1jNWM4Yjk3NGM2Y2QucG5nIiwicXVlcnkiOiJ3PTI1NiIsImlhdCI6MTYyNzcxODIxOSwiZXhwIjoxNjMwMzEwMjc5fQ.86loRzN2_8RADNw2WdAU5QJseX6s9t1q449nmVA8xaE&w=256",
    "medium": "https://img.zeplin.io/p/5efd7a130a2a0880789be55b/screens/b81b2137-d2ce-4207-886d-c5c8b974c6cd.png?key=eyJhbGciOiJIUzI1NiIsInR5cCI6IkpXVCJ9.eyJyYXdLZXkiOiI1ZWZkN2ExMzBhMmEwODgwNzg5YmU1NWIvc2NyZWVucy9iODFiMjEzNy1kMmNlLTQyMDctODg2ZC1jNWM4Yjk3NGM2Y2QucG5nIiwicXVlcnkiOiJ3PTUxMiIsImlhdCI6MTYyNzcxODIxOSwiZXhwIjoxNjMwMzEwMjc5fQ.IaO-IWyZ4lFbwTUF9pWSASNasdCvmsoHx53NlhtJCSw&w=512",
    "large": "https://img.zeplin.io/p/5efd7a130a2a0880789be55b/screens/b81b2137-d2ce-4207-886d-c5c8b974c6cd.png?key=eyJhbGciOiJIUzI1NiIsInR5cCI6IkpXVCJ9.eyJyYXdLZXkiOiI1ZWZkN2ExMzBhMmEwODgwNzg5YmU1NWIvc2NyZWVucy9iODFiMjEzNy1kMmNlLTQyMDctODg2ZC1jNWM4Yjk3NGM2Y2QucG5nIiwicXVlcnkiOiJ3PTEwMjQiLCJpYXQiOjE2Mjc3MTgyMTksImV4cCI6MTYzMDMxMDI3OX0.MbOM8-JEfoeOjCj3tIkrJ43YIHQmMkRvofDnuVHJu1Y&w=1024"
  },
  "source": "figma",
  "width": 360,
  "height": 640,
  "background_color": { "r": 255, "b": 255, "g": 255, "a": 1 },
  "density_scale": 1,
  "links": [],
  "layers": [
    {
      "id": "60ec5cd036471811ab559825",
      "source_id": "1:8628",
      "type": "group",
      "name": "Frame 1",
      "rect": {
        "y": 0,
        "x": 0,
        "width": 360,
        "height": 640,
        "absolute": { "x": 0, "y": 0 }
      },
      "fills": [
        {
          "type": "color",
          "color": { "r": 255, "g": 255, "b": 255, "a": 1 },
          "opacity": 1,
          "blend_mode": "normal"
        }
      ],
      "borders": [],
      "shadows": [],
      "opacity": 1,
      "blend_mode": "normal",
      "border_radius": 0,
      "rotation": 0,
      "exportable": false,
      "layers": [
        {
          "id": "60ec5cd036471811ab559826",
          "source_id": "1:8929",
          "type": "group",
          "name": "Navbar",
          "rect": {
            "y": 19,
            "x": 5.684341886080802e-14,
            "width": 359.99999999999994,
            "height": 56,
            "absolute": { "x": 5.684341886080802e-14, "y": 19 }
          },
          "fills": [],
          "borders": [],
          "shadows": [],
          "opacity": 1,
          "blend_mode": "normal",
          "border_radius": 0,
          "rotation": 0,
          "exportable": false,
          "layers": [
            {
              "id": "60ec5cd036471811ab559827",
              "source_id": "I1:8929;407:209",
              "type": "group",
              "name": "Navbar",
              "rect": {
                "y": 0,
                "x": 0,
                "width": 359.99999999999994,
                "height": 56,
                "absolute": { "x": 5.684341886080802e-14, "y": 19 }
              },
              "fills": [
                {
                  "type": "color",
                  "color": {
                    "source_id": "c1566b620fd281d3e798a3963dae3a8d0b7dadbb",
                    "r": 0,
                    "g": 123,
                    "b": 255,
                    "a": 1
                  },
                  "opacity": 1,
                  "blend_mode": "normal"
                }
              ],
              "borders": [],
              "shadows": [],
              "opacity": 1,
              "blend_mode": "normal",
              "border_radius": 0,
              "rotation": 0,
              "exportable": false,
              "layers": [
                {
                  "id": "60ec5cd036471811ab559828",
                  "source_id": "I1:8929;407:209;407:1",
                  "type": "group",
                  "name": "Brand",
                  "rect": {
                    "y": 8,
                    "x": 16,
                    "width": 274,
                    "height": 40,
                    "absolute": { "x": 16.000000000000057, "y": 27 }
                  },
                  "fills": [],
                  "borders": [],
                  "shadows": [],
                  "opacity": 1,
                  "blend_mode": "normal",
                  "border_radius": 0,
                  "rotation": 0,
                  "exportable": false,
                  "layers": [
                    {
                      "id": "60ec5cd036471811ab559829",
                      "source_id": "I1:8929;407:209;407:0",
                      "type": "text",
                      "name": "Navbar",
                      "rect": {
                        "y": 8,
                        "x": 0,
                        "width": 63,
                        "height": 24,
                        "absolute": { "x": 16.000000000000057, "y": 35 }
                      },
                      "fills": [],
                      "borders": [],
                      "shadows": [],
                      "opacity": 1,
                      "blend_mode": "normal",
                      "border_radius": 0,
                      "rotation": 0,
                      "exportable": false,
                      "content": "Navbar",
                      "text_styles": [
                        {
                          "range": { "location": 0, "length": 6 },
                          "style": {
                            "postscript_name": "SFProDisplay-Medium",
                            "font_family": "SFProDisplay",
                            "font_size": 20,
                            "font_weight": 500,
                            "font_style": "normal",
                            "font_stretch": 1,
                            "line_height": 24,
                            "text_align": "left",
                            "color": {
                              "source_id": "7eef558da0dbff30d6ecb7c9aae9116174c0e751",
                              "r": 255,
                              "g": 255,
                              "b": 255,
                              "a": 1
                            }
                          }
                        }
                      ]
                    }
                  ]
                },
                {
                  "id": "60ec5cd036471811ab55982a",
                  "source_id": "I1:8929;407:209;407:37",
                  "type": "group",
                  "name": "Right",
                  "rect": {
                    "y": 9,
                    "x": 290,
                    "width": 54,
                    "height": 38,
                    "absolute": { "x": 290.00000000000006, "y": 28 }
                  },
                  "fills": [],
                  "borders": [],
                  "shadows": [],
                  "opacity": 1,
                  "blend_mode": "normal",
                  "border_radius": 0,
                  "rotation": 0,
                  "exportable": false,
                  "layers": [
                    {
                      "id": "60ec5cd036471811ab55982b",
                      "source_id": "I1:8929;407:209;415:3370",
                      "type": "group",
                      "name": "Toggler",
                      "rect": {
                        "y": 0,
                        "x": 0,
                        "width": 54,
                        "height": 38,
                        "absolute": { "x": 290.00000000000006, "y": 28 }
                      },
                      "fills": [],
                      "borders": [
                        {
                          "position": "inside",
                          "thickness": 1,
                          "fill": {
                            "type": "color",
                            "color": {
                              "r": 255,
                              "g": 255,
                              "b": 255,
                              "a": 0.10000000149011612
                            },
                            "opacity": 1,
                            "blend_mode": "normal"
                          }
                        }
                      ],
                      "shadows": [],
                      "opacity": 1,
                      "blend_mode": "normal",
                      "border_radius": 4,
                      "rotation": 0,
                      "exportable": false,
                      "layers": [
                        {
                          "id": "60ec5cd036471811ab55982c",
                          "source_id": "I1:8929;407:209;415:3370;415:3364",
                          "type": "group",
                          "name": "_base/Menu",
                          "rect": {
                            "y": 4,
                            "x": 12,
                            "width": 30,
                            "height": 30,
                            "absolute": { "x": 302.00000000000006, "y": 32 }
                          },
                          "fills": [],
                          "borders": [],
                          "shadows": [],
                          "opacity": 1,
                          "blend_mode": "normal",
                          "border_radius": 0,
                          "rotation": 0,
                          "exportable": false,
                          "layers": [
                            {
                              "id": "60ec5cd036471811ab55982d",
                              "source_id": "I1:8929;407:209;415:3370;415:3364;415:3362",
                              "type": "shape",
                              "name": "Vector",
                              "rect": {
                                "y": 7,
                                "x": 4,
                                "width": 22,
                                "height": 16,
                                "absolute": { "x": 306.00000000000006, "y": 39 }
                              },
                              "fills": [],
                              "borders": [
                                {
                                  "position": "center",
                                  "thickness": 2,
                                  "fill": {
                                    "type": "color",
                                    "color": {
                                      "source_id": "7d986cfca3890854201ec88e32f9d2a28bf1ab07",
                                      "r": 255,
                                      "g": 255,
                                      "b": 255,
                                      "a": 0.5
                                    },
                                    "opacity": 1,
                                    "blend_mode": "normal"
                                  }
                                }
                              ],
                              "shadows": [],
                              "opacity": 1,
                              "blend_mode": "normal",
                              "border_radius": 0,
                              "rotation": 0,
                              "exportable": false
                            }
                          ],
                          "component_name": "_base/Menu"
                        }
                      ],
                      "component_name": "_base/Navbar/Toggler"
                    }
                  ]
                }
              ],
              "component_name": "Navbar / 01. Base"
            }
          ],
          "component_name": "Navbar / 03. Primary"
        },
        {
          "id": "60ec5cd036471811ab55982e",
          "source_id": "1:8944",
          "type": "group",
          "name": "ΩAtoms/System bar/Dark",
          "rect": {
            "y": 0,
            "x": 5.684341886080802e-14,
            "width": 359.99999999999994,
            "height": 19.128269195556584,
            "absolute": { "x": 5.684341886080802e-14, "y": 0 }
          },
          "fills": [],
          "borders": [],
          "shadows": [],
          "opacity": 1,
          "blend_mode": "normal",
          "border_radius": 0,
          "rotation": 0,
          "exportable": false,
          "layers": [
            {
              "id": "60ec5cd036471811ab55982f",
              "source_id": "1:8945",
              "type": "shape",
              "name": "Rectangle",
              "rect": {
                "y": 0,
                "x": 0,
                "width": 359.99999999999994,
                "height": 19.128269195556584,
                "absolute": { "x": 5.684341886080802e-14, "y": 0 }
              },
              "fills": [
                {
                  "type": "color",
                  "color": {
                    "source_id": "8a3f329cd7f6686cd1f1aba88241cfb18dd6ac91",
                    "r": 33,
                    "g": 33,
                    "b": 33,
                    "a": 0.07999999821186066
                  },
                  "opacity": 1,
                  "blend_mode": "normal"
                }
              ],
              "borders": [],
              "shadows": [],
              "opacity": 1,
              "blend_mode": "normal",
              "border_radius": 0,
              "rotation": 0,
              "exportable": false
            },
            {
              "id": "60ec5cd036471811ab559830",
              "source_id": "1:8946",
              "type": "shape",
              "name": "Mask",
              "rect": {
                "y": 5.579077720642033,
                "x": 306,
                "width": 46,
                "height": 7.9701128005981445,
                "absolute": { "x": 306.00000000000006, "y": 5.579077720642033 }
              },
              "fills": [
                {
                  "type": "color",
                  "color": {
                    "source_id": "c277882a8353a9d7f396d499987a428728f96cfa",
                    "r": 0,
                    "g": 0,
                    "b": 0,
                    "a": 0.3799999952316284
                  },
                  "opacity": 1,
                  "blend_mode": "normal"
                }
              ],
              "borders": [],
              "shadows": [],
              "opacity": 1,
              "blend_mode": "normal",
              "border_radius": 0,
              "rotation": 0,
              "exportable": false
            }
          ]
        },
        {
          "id": "60ec5cd036471811ab559831",
          "source_id": "1:8976",
          "type": "group",
          "name": "Breadcrumb",
          "rect": {
            "y": 75,
            "x": 5.684341886080802e-14,
            "width": 359.99999999999994,
            "height": 48,
            "absolute": { "x": 5.684341886080802e-14, "y": 75 }
          },
          "fills": [
            {
              "type": "color",
              "color": {
                "source_id": "b91c7b6a48ba506c8db8a5469caaa0065781b1b2",
                "r": 233,
                "g": 236,
                "b": 239,
                "a": 1
              },
              "opacity": 1,
              "blend_mode": "normal"
            }
          ],
          "borders": [],
          "shadows": [],
          "opacity": 1,
          "blend_mode": "normal",
          "border_radius": 4,
          "rotation": 0,
          "exportable": false,
          "layers": [
            {
              "id": "60ec5cd036471811ab559832",
              "source_id": "I1:8976;221:899",
              "type": "group",
              "name": "Horizontal",
              "rect": {
                "y": 12,
                "x": 16,
                "width": 162,
                "height": 24,
                "absolute": { "x": 16.000000000000057, "y": 87 }
              },
              "fills": [],
              "borders": [],
              "shadows": [],
              "opacity": 1,
              "blend_mode": "normal",
              "border_radius": 0,
              "rotation": 0,
              "exportable": false,
              "layers": [
                {
                  "id": "60ec5cd036471811ab559833",
                  "source_id": "I1:8976;221:900",
                  "type": "group",
                  "name": "_base/Breadcrumb/01. Default",
                  "rect": {
                    "y": 0,
                    "x": 0,
                    "width": 54,
                    "height": 24,
                    "absolute": { "x": 16.000000000000057, "y": 87 }
                  },
                  "fills": [],
                  "borders": [],
                  "shadows": [],
                  "opacity": 1,
                  "blend_mode": "normal",
                  "border_radius": 0,
                  "rotation": 0,
                  "exportable": false,
                  "layers": [
                    {
                      "id": "60ec5cd036471811ab559834",
                      "source_id": "I1:8976;221:900;221:841",
                      "type": "group",
                      "name": "Content",
                      "rect": {
                        "y": 0,
                        "x": 0,
                        "width": 54,
                        "height": 24,
                        "absolute": { "x": 16.000000000000057, "y": 87 }
                      },
                      "fills": [],
                      "borders": [],
                      "shadows": [],
                      "opacity": 1,
                      "blend_mode": "normal",
                      "border_radius": 0,
                      "rotation": 0,
                      "exportable": false,
                      "layers": [
                        {
                          "id": "60ec5cd036471811ab559835",
                          "source_id": "I1:8976;221:900;71:320",
                          "type": "text",
                          "name": "Home",
                          "rect": {
                            "y": 0,
                            "x": 0,
                            "width": 41,
                            "height": 24,
                            "absolute": { "x": 16.000000000000057, "y": 87 }
                          },
                          "fills": [],
                          "borders": [],
                          "shadows": [],
                          "opacity": 1,
                          "blend_mode": "normal",
                          "border_radius": 0,
                          "rotation": 0,
                          "exportable": false,
                          "content": "Home",
                          "text_styles": [
                            {
                              "range": { "location": 0, "length": 4 },
                              "style": {
                                "postscript_name": "SFProDisplay-Regular",
                                "font_family": "SFProDisplay",
                                "font_size": 16,
                                "font_weight": 400,
                                "font_style": "normal",
                                "font_stretch": 1,
                                "line_height": 24,
                                "text_align": "left",
                                "color": {
                                  "source_id": "c1566b620fd281d3e798a3963dae3a8d0b7dadbb",
                                  "r": 0,
                                  "g": 123,
                                  "b": 255,
                                  "a": 1
                                }
                              }
                            }
                          ]
                        },
                        {
                          "id": "60ec5cd036471811ab559836",
                          "source_id": "I1:8976;221:900;221:804",
                          "type": "text",
                          "name": "Breadcrumb/Separator",
                          "rect": {
                            "y": 0,
                            "x": 49,
                            "width": 5,
                            "height": 24,
                            "absolute": { "x": 65.00000000000006, "y": 87 }
                          },
                          "fills": [],
                          "borders": [],
                          "shadows": [],
                          "opacity": 1,
                          "blend_mode": "normal",
                          "border_radius": 0,
                          "rotation": 0,
                          "exportable": false,
                          "content": "/",
                          "text_styles": [
                            {
                              "range": { "location": 0, "length": 1 },
                              "style": {
                                "postscript_name": "SFProDisplay-Regular",
                                "font_family": "SFProDisplay",
                                "font_size": 16,
                                "font_weight": 400,
                                "font_style": "normal",
                                "font_stretch": 1,
                                "line_height": 24,
                                "text_align": "left",
                                "color": {
                                  "source_id": "dd4489ae5a20465fa1a4b36ec2b356c4c5897426",
                                  "r": 108,
                                  "g": 117,
                                  "b": 125,
                                  "a": 1
                                }
                              }
                            }
                          ]
                        }
                      ]
                    }
                  ],
                  "component_name": "_base/Breadcrumb/01. Default"
                },
                {
                  "id": "60ec5cd036471811ab559837",
                  "source_id": "I1:8976;221:906",
                  "type": "group",
                  "name": "_base/Breadcrumb/01. Default",
                  "rect": {
                    "y": 0,
                    "x": 62,
                    "width": 60,
                    "height": 24,
                    "absolute": { "x": 78.00000000000006, "y": 87 }
                  },
                  "fills": [],
                  "borders": [],
                  "shadows": [],
                  "opacity": 1,
                  "blend_mode": "normal",
                  "border_radius": 0,
                  "rotation": 0,
                  "exportable": false,
                  "layers": [
                    {
                      "id": "60ec5cd036471811ab559838",
                      "source_id": "I1:8976;221:906;221:841",
                      "type": "group",
                      "name": "Content",
                      "rect": {
                        "y": 0,
                        "x": 0,
                        "width": 60,
                        "height": 24,
                        "absolute": { "x": 78.00000000000006, "y": 87 }
                      },
                      "fills": [],
                      "borders": [],
                      "shadows": [],
                      "opacity": 1,
                      "blend_mode": "normal",
                      "border_radius": 0,
                      "rotation": 0,
                      "exportable": false,
                      "layers": [
                        {
                          "id": "60ec5cd036471811ab559839",
                          "source_id": "I1:8976;221:906;71:320",
                          "type": "text",
                          "name": "Library",
                          "rect": {
                            "y": 0,
                            "x": 0,
                            "width": 47,
                            "height": 24,
                            "absolute": { "x": 78.00000000000006, "y": 87 }
                          },
                          "fills": [],
                          "borders": [],
                          "shadows": [],
                          "opacity": 1,
                          "blend_mode": "normal",
                          "border_radius": 0,
                          "rotation": 0,
                          "exportable": false,
                          "content": "Library",
                          "text_styles": [
                            {
                              "range": { "location": 0, "length": 7 },
                              "style": {
                                "postscript_name": "SFProDisplay-Regular",
                                "font_family": "SFProDisplay",
                                "font_size": 16,
                                "font_weight": 400,
                                "font_style": "normal",
                                "font_stretch": 1,
                                "line_height": 24,
                                "text_align": "left",
                                "color": {
                                  "source_id": "c1566b620fd281d3e798a3963dae3a8d0b7dadbb",
                                  "r": 0,
                                  "g": 123,
                                  "b": 255,
                                  "a": 1
                                }
                              }
                            }
                          ]
                        },
                        {
                          "id": "60ec5cd036471811ab55983a",
                          "source_id": "I1:8976;221:906;221:804",
                          "type": "text",
                          "name": "Breadcrumb/Separator",
                          "rect": {
                            "y": 0,
                            "x": 55,
                            "width": 5,
                            "height": 24,
                            "absolute": { "x": 133.00000000000006, "y": 87 }
                          },
                          "fills": [],
                          "borders": [],
                          "shadows": [],
                          "opacity": 1,
                          "blend_mode": "normal",
                          "border_radius": 0,
                          "rotation": 0,
                          "exportable": false,
                          "content": "/",
                          "text_styles": [
                            {
                              "range": { "location": 0, "length": 1 },
                              "style": {
                                "postscript_name": "SFProDisplay-Regular",
                                "font_family": "SFProDisplay",
                                "font_size": 16,
                                "font_weight": 400,
                                "font_style": "normal",
                                "font_stretch": 1,
                                "line_height": 24,
                                "text_align": "left",
                                "color": {
                                  "source_id": "dd4489ae5a20465fa1a4b36ec2b356c4c5897426",
                                  "r": 108,
                                  "g": 117,
                                  "b": 125,
                                  "a": 1
                                }
                              }
                            }
                          ]
                        }
                      ]
                    }
                  ],
                  "component_name": "_base/Breadcrumb/01. Default"
                },
                {
                  "id": "60ec5cd036471811ab55983b",
                  "source_id": "I1:8976;221:901",
                  "type": "group",
                  "name": "_base/Breadcrumb/02. Active",
                  "rect": {
                    "y": 0,
                    "x": 130,
                    "width": 32,
                    "height": 24,
                    "absolute": { "x": 146.00000000000006, "y": 87 }
                  },
                  "fills": [],
                  "borders": [],
                  "shadows": [],
                  "opacity": 1,
                  "blend_mode": "normal",
                  "border_radius": 0,
                  "rotation": 0,
                  "exportable": false,
                  "layers": [
                    {
                      "id": "60ec5cd036471811ab55983c",
                      "source_id": "I1:8976;221:901;75:3",
                      "type": "text",
                      "name": "Data",
                      "rect": {
                        "y": 0,
                        "x": 0,
                        "width": 32,
                        "height": 24,
                        "absolute": { "x": 146.00000000000006, "y": 87 }
                      },
                      "fills": [],
                      "borders": [],
                      "shadows": [],
                      "opacity": 1,
                      "blend_mode": "normal",
                      "border_radius": 0,
                      "rotation": 0,
                      "exportable": false,
                      "content": "Data",
                      "text_styles": [
                        {
                          "range": { "location": 0, "length": 4 },
                          "style": {
                            "postscript_name": "SFProDisplay-Regular",
                            "font_family": "SFProDisplay",
                            "font_size": 16,
                            "font_weight": 400,
                            "font_style": "normal",
                            "font_stretch": 1,
                            "line_height": 24,
                            "text_align": "left",
                            "color": {
                              "source_id": "dd4489ae5a20465fa1a4b36ec2b356c4c5897426",
                              "r": 108,
                              "g": 117,
                              "b": 125,
                              "a": 1
                            }
                          }
                        }
                      ]
                    }
                  ],
                  "component_name": "_base/Breadcrumb/02. Active"
                }
              ]
            }
          ],
          "component_name": "Breadcrumb / 02. Links"
        },
        {
          "id": "60ec5cd036471811ab55983d",
          "source_id": "1:8988",
          "type": "group",
          "name": "Content",
          "rect": {
            "y": 162,
            "x": 16,
            "width": 328,
            "height": 316,
            "absolute": { "x": 16, "y": 162 }
          },
          "fills": [],
          "borders": [
            {
              "position": "inside",
              "thickness": 3,
              "fill": {
                "type": "color",
                "color": {
                  "source_id": "88b5f1d79a705051e445bdbb63e80a3543003ad1",
                  "r": 248,
                  "g": 249,
                  "b": 250,
                  "a": 1
                },
                "opacity": 1,
                "blend_mode": "normal"
              }
            }
          ],
          "shadows": [],
          "opacity": 1,
          "blend_mode": "normal",
          "border_radius": 0,
          "rotation": 0,
          "exportable": false,
          "layers": [
            {
              "id": "60ec5cd036471811ab55983e",
              "source_id": "1:8989",
              "type": "group",
              "name": "Forms/Inputs",
              "rect": {
                "y": 24,
                "x": 24,
                "width": 280,
                "height": 92,
                "absolute": { "x": 40, "y": 186 }
              },
              "fills": [],
              "borders": [],
              "shadows": [],
              "opacity": 1,
              "blend_mode": "normal",
              "border_radius": 4,
              "rotation": 0,
              "exportable": false,
              "layers": [
                {
                  "id": "60ec5cd036471811ab55983f",
                  "source_id": "I1:8989;279:1077",
                  "type": "group",
                  "name": "_base/Forms/Label",
                  "rect": {
                    "y": 0,
                    "x": 0,
                    "width": 280,
                    "height": 32,
                    "absolute": { "x": 40, "y": 186 }
                  },
                  "fills": [],
                  "borders": [],
                  "shadows": [],
                  "opacity": 1,
                  "blend_mode": "normal",
                  "border_radius": 0,
                  "rotation": 0,
                  "exportable": false,
                  "layers": [
                    {
                      "id": "60ec5cd036471811ab559840",
                      "source_id": "I1:8989;279:1077;278:40",
                      "type": "text",
                      "name": "Label",
                      "rect": {
                        "y": 0,
                        "x": 0,
                        "width": 280,
                        "height": 24,
                        "absolute": { "x": 40, "y": 186 }
                      },
                      "fills": [],
                      "borders": [],
                      "shadows": [],
                      "opacity": 1,
                      "blend_mode": "normal",
                      "border_radius": 0,
                      "rotation": 0,
                      "exportable": false,
                      "content": "Email address",
                      "text_styles": [
                        {
                          "range": { "location": 0, "length": 13 },
                          "style": {
                            "postscript_name": "SFProDisplay-Regular",
                            "font_family": "SFProDisplay",
                            "font_size": 16,
                            "font_weight": 400,
                            "font_style": "normal",
                            "font_stretch": 1,
                            "line_height": 24,
                            "text_align": "left",
                            "color": {
                              "source_id": "134c2353de8d84afbb41921cefc155371435d083",
                              "r": 33,
                              "g": 37,
                              "b": 41,
                              "a": 1
                            }
                          }
                        }
                      ]
                    }
                  ],
                  "component_name": "_base/Forms/Label"
                },
                {
                  "id": "60ec5cd036471811ab559841",
                  "source_id": "I1:8989;313:1034",
                  "type": "group",
                  "name": "_base/Forms/01. Input/02. Default",
                  "rect": {
                    "y": 32,
                    "x": 0,
                    "width": 280,
                    "height": 36,
                    "absolute": { "x": 40, "y": 218 }
                  },
                  "fills": [
                    {
                      "type": "color",
                      "color": {
                        "source_id": "7eef558da0dbff30d6ecb7c9aae9116174c0e751",
                        "r": 255,
                        "g": 255,
                        "b": 255,
                        "a": 1
                      },
                      "opacity": 1,
                      "blend_mode": "normal"
                    }
                  ],
                  "borders": [
                    {
                      "position": "inside",
                      "thickness": 1,
                      "fill": {
                        "type": "color",
                        "color": {
                          "source_id": "8902a7186d7b8f99d84bfeea048087534644c131",
                          "r": 206,
                          "g": 212,
                          "b": 218,
                          "a": 1
                        },
                        "opacity": 1,
                        "blend_mode": "normal"
                      }
                    }
                  ],
                  "shadows": [],
                  "opacity": 1,
                  "blend_mode": "normal",
                  "border_radius": 4,
                  "rotation": 0,
                  "exportable": false,
                  "layers": [
                    {
                      "id": "60ec5cd036471811ab559842",
                      "source_id": "I1:8989;313:1034;313:903",
                      "type": "group",
                      "name": "Text + Cursor",
                      "rect": {
                        "y": 6,
                        "x": 12,
                        "width": 256,
                        "height": 24,
                        "absolute": { "x": 52, "y": 224 }
                      },
                      "fills": [],
                      "borders": [],
                      "shadows": [],
                      "opacity": 1,
                      "blend_mode": "normal",
                      "border_radius": 0,
                      "rotation": 0,
                      "exportable": false,
                      "layers": [
                        {
                          "id": "60ec5cd036471811ab559843",
                          "source_id": "I1:8989;313:1034;313:899",
                          "type": "text",
                          "name": "Text",
                          "rect": {
                            "y": 0,
                            "x": 0,
                            "width": 80,
                            "height": 24,
                            "absolute": { "x": 52, "y": 224 }
                          },
                          "fills": [],
                          "borders": [],
                          "shadows": [],
                          "opacity": 1,
                          "blend_mode": "normal",
                          "border_radius": 0,
                          "rotation": 0,
                          "exportable": false,
                          "content": "Placeholder",
                          "text_styles": [
                            {
                              "range": { "location": 0, "length": 11 },
                              "style": {
                                "postscript_name": "SFProDisplay-Regular",
                                "font_family": "SFProDisplay",
                                "font_size": 16,
                                "font_weight": 400,
                                "font_style": "normal",
                                "font_stretch": 1,
                                "line_height": 24,
                                "text_align": "left",
                                "color": {
                                  "source_id": "dd4489ae5a20465fa1a4b36ec2b356c4c5897426",
                                  "r": 108,
                                  "g": 117,
                                  "b": 125,
                                  "a": 1
                                }
                              }
                            }
                          ]
                        }
                      ]
                    }
                  ],
                  "component_name": "_base/Forms/01. Input/02. Default"
                },
                {
                  "id": "60ec5cd036471811ab559844",
                  "source_id": "I1:8989;279:1080",
                  "type": "group",
                  "name": "_base/Forms/Help text",
                  "rect": {
                    "y": 68,
                    "x": 0,
                    "width": 280,
                    "height": 24,
                    "absolute": { "x": 40, "y": 254 }
                  },
                  "fills": [],
                  "borders": [],
                  "shadows": [],
                  "opacity": 1,
                  "blend_mode": "normal",
                  "border_radius": 0,
                  "rotation": 0,
                  "exportable": false,
                  "layers": [
                    {
                      "id": "60ec5cd036471811ab559845",
                      "source_id": "I1:8989;279:1080;279:876",
                      "type": "text",
                      "name": "Message",
                      "rect": {
                        "y": 4,
                        "x": 0,
                        "width": 280,
                        "height": 20,
                        "absolute": { "x": 40, "y": 258 }
                      },
                      "fills": [],
                      "borders": [],
                      "shadows": [],
                      "opacity": 1,
                      "blend_mode": "normal",
                      "border_radius": 0,
                      "rotation": 0,
                      "exportable": false,
                      "content": "We'll never share your email with anyone else.",
                      "text_styles": [
                        {
                          "range": { "location": 0, "length": 46 },
                          "style": {
                            "postscript_name": "SFProDisplay-Regular",
                            "font_family": "SFProDisplay",
                            "font_size": 12.800000190734863,
                            "font_weight": 400,
                            "font_style": "normal",
                            "font_stretch": 1,
                            "line_height": 19.200000762939453,
                            "text_align": "left",
                            "color": {
                              "source_id": "b97a1ed79acd93c6174e27cbdc620bc7d9fea789",
                              "r": 108,
                              "g": 117,
                              "b": 125,
                              "a": 1
                            }
                          }
                        }
                      ]
                    }
                  ],
                  "component_name": "_base/Forms/Help text"
                }
              ],
              "component_name": "Forms/Inputs / 02. Default / 01. Default"
            },
            {
              "id": "60ec5cd036471811ab559846",
              "source_id": "1:8990",
              "type": "group",
              "name": "Forms/Inputs",
              "rect": {
                "y": 132,
                "x": 24,
                "width": 280,
                "height": 68,
                "absolute": { "x": 40, "y": 294 }
              },
              "fills": [],
              "borders": [],
              "shadows": [],
              "opacity": 1,
              "blend_mode": "normal",
              "border_radius": 4,
              "rotation": 0,
              "exportable": false,
              "layers": [
                {
                  "id": "60ec5cd036471811ab559847",
                  "source_id": "I1:8990;279:1077",
                  "type": "group",
                  "name": "_base/Forms/Label",
                  "rect": {
                    "y": 0,
                    "x": 0,
                    "width": 280,
                    "height": 32,
                    "absolute": { "x": 40, "y": 294 }
                  },
                  "fills": [],
                  "borders": [],
                  "shadows": [],
                  "opacity": 1,
                  "blend_mode": "normal",
                  "border_radius": 0,
                  "rotation": 0,
                  "exportable": false,
                  "layers": [
                    {
                      "id": "60ec5cd036471811ab559848",
                      "source_id": "I1:8990;279:1077;278:40",
                      "type": "text",
                      "name": "Label",
                      "rect": {
                        "y": 0,
                        "x": 0,
                        "width": 280,
                        "height": 24,
                        "absolute": { "x": 40, "y": 294 }
                      },
                      "fills": [],
                      "borders": [],
                      "shadows": [],
                      "opacity": 1,
                      "blend_mode": "normal",
                      "border_radius": 0,
                      "rotation": 0,
                      "exportable": false,
                      "content": "Password",
                      "text_styles": [
                        {
                          "range": { "location": 0, "length": 8 },
                          "style": {
                            "postscript_name": "SFProDisplay-Regular",
                            "font_family": "SFProDisplay",
                            "font_size": 16,
                            "font_weight": 400,
                            "font_style": "normal",
                            "font_stretch": 1,
                            "line_height": 24,
                            "text_align": "left",
                            "color": {
                              "source_id": "134c2353de8d84afbb41921cefc155371435d083",
                              "r": 33,
                              "g": 37,
                              "b": 41,
                              "a": 1
                            }
                          }
                        }
                      ]
                    }
                  ],
                  "component_name": "_base/Forms/Label"
                },
                {
                  "id": "60ec5cd036471811ab559849",
                  "source_id": "I1:8990;313:1034",
                  "type": "group",
                  "name": "_base/Forms/01. Input/02. Default",
                  "rect": {
                    "y": 32,
                    "x": 0,
                    "width": 280,
                    "height": 36,
                    "absolute": { "x": 40, "y": 326 }
                  },
                  "fills": [
                    {
                      "type": "color",
                      "color": {
                        "source_id": "7eef558da0dbff30d6ecb7c9aae9116174c0e751",
                        "r": 255,
                        "g": 255,
                        "b": 255,
                        "a": 1
                      },
                      "opacity": 1,
                      "blend_mode": "normal"
                    }
                  ],
                  "borders": [
                    {
                      "position": "inside",
                      "thickness": 1,
                      "fill": {
                        "type": "color",
                        "color": {
                          "source_id": "8902a7186d7b8f99d84bfeea048087534644c131",
                          "r": 206,
                          "g": 212,
                          "b": 218,
                          "a": 1
                        },
                        "opacity": 1,
                        "blend_mode": "normal"
                      }
                    }
                  ],
                  "shadows": [],
                  "opacity": 1,
                  "blend_mode": "normal",
                  "border_radius": 4,
                  "rotation": 0,
                  "exportable": false,
                  "layers": [
                    {
                      "id": "60ec5cd036471811ab55984a",
                      "source_id": "I1:8990;313:1034;313:903",
                      "type": "group",
                      "name": "Text + Cursor",
                      "rect": {
                        "y": 6,
                        "x": 12,
                        "width": 256,
                        "height": 24,
                        "absolute": { "x": 52, "y": 332 }
                      },
                      "fills": [],
                      "borders": [],
                      "shadows": [],
                      "opacity": 1,
                      "blend_mode": "normal",
                      "border_radius": 0,
                      "rotation": 0,
                      "exportable": false,
                      "layers": [
                        {
                          "id": "60ec5cd036471811ab55984b",
                          "source_id": "I1:8990;313:1034;313:899",
                          "type": "text",
                          "name": "Text",
                          "rect": {
                            "y": 0,
                            "x": 0,
                            "width": 80,
                            "height": 24,
                            "absolute": { "x": 52, "y": 332 }
                          },
                          "fills": [],
                          "borders": [],
                          "shadows": [],
                          "opacity": 1,
                          "blend_mode": "normal",
                          "border_radius": 0,
                          "rotation": 0,
                          "exportable": false,
                          "content": "Placeholder",
                          "text_styles": [
                            {
                              "range": { "location": 0, "length": 11 },
                              "style": {
                                "postscript_name": "SFProDisplay-Regular",
                                "font_family": "SFProDisplay",
                                "font_size": 16,
                                "font_weight": 400,
                                "font_style": "normal",
                                "font_stretch": 1,
                                "line_height": 24,
                                "text_align": "left",
                                "color": {
                                  "source_id": "dd4489ae5a20465fa1a4b36ec2b356c4c5897426",
                                  "r": 108,
                                  "g": 117,
                                  "b": 125,
                                  "a": 1
                                }
                              }
                            }
                          ]
                        }
                      ]
                    }
                  ],
                  "component_name": "_base/Forms/01. Input/02. Default"
                }
              ],
              "component_name": "Forms/Inputs / 02. Default / 01. Default"
            },
            {
              "id": "60ec5cd036471811ab55984c",
              "source_id": "1:8991",
              "type": "group",
              "name": "Forms/Support/Checkboxes",
              "rect": {
                "y": 216,
                "x": 24,
                "width": 113,
                "height": 24,
                "absolute": { "x": 40, "y": 378 }
              },
              "fills": [],
              "borders": [],
              "shadows": [],
              "opacity": 1,
              "blend_mode": "normal",
              "border_radius": 0,
              "rotation": 0,
              "exportable": false,
              "layers": [
                {
                  "id": "60ec5cd036471811ab55984d",
                  "source_id": "I1:8991;319:1399",
                  "type": "group",
                  "name": "_base/Forms/Support/Checkbox",
                  "rect": {
                    "y": 5.5,
                    "x": 0,
                    "width": 13,
                    "height": 13,
                    "absolute": { "x": 40, "y": 383.5 }
                  },
                  "fills": [],
                  "borders": [],
                  "shadows": [],
                  "opacity": 1,
                  "blend_mode": "normal",
                  "border_radius": 0,
                  "rotation": 0,
                  "exportable": false,
                  "layers": [
                    {
                      "id": "60ec5cd036471811ab55984e",
                      "source_id": "I1:8991;319:1399;319:1366",
                      "type": "shape",
                      "name": "Base",
                      "rect": {
                        "y": 0,
                        "x": 0,
                        "width": 13,
                        "height": 13,
                        "absolute": { "x": 40, "y": 383.5 }
                      },
                      "fills": [
                        {
                          "type": "color",
                          "color": {
                            "source_id": "7eef558da0dbff30d6ecb7c9aae9116174c0e751",
                            "r": 255,
                            "g": 255,
                            "b": 255,
                            "a": 1
                          },
                          "opacity": 1,
                          "blend_mode": "normal"
                        }
                      ],
                      "borders": [
                        {
                          "position": "inside",
                          "thickness": 1,
                          "fill": {
                            "type": "color",
                            "color": {
                              "source_id": "8902a7186d7b8f99d84bfeea048087534644c131",
                              "r": 206,
                              "g": 212,
                              "b": 218,
                              "a": 1
                            },
                            "opacity": 1,
                            "blend_mode": "normal"
                          }
                        }
                      ],
                      "shadows": [],
                      "opacity": 1,
                      "blend_mode": "normal",
                      "border_radius": 2,
                      "rotation": 0,
                      "exportable": false
                    }
                  ],
                  "component_name": "_base/Forms/Support/Checkbox / 01. Default"
                },
                {
                  "id": "60ec5cd036471811ab55984f",
                  "source_id": "I1:8991;319:1363",
                  "type": "text",
                  "name": "Label",
                  "rect": {
                    "y": 0,
                    "x": 20,
                    "width": 93,
                    "height": 24,
                    "absolute": { "x": 60, "y": 378 }
                  },
                  "fills": [],
                  "borders": [],
                  "shadows": [],
                  "opacity": 1,
                  "blend_mode": "normal",
                  "border_radius": 0,
                  "rotation": 0,
                  "exportable": false,
                  "content": "Check me out",
                  "text_styles": [
                    {
                      "range": { "location": 0, "length": 12 },
                      "style": {
                        "postscript_name": "SFProDisplay-Regular",
                        "font_family": "SFProDisplay",
                        "font_size": 16,
                        "font_weight": 400,
                        "font_style": "normal",
                        "font_stretch": 1,
                        "line_height": 24,
                        "text_align": "left",
                        "color": {
                          "source_id": "134c2353de8d84afbb41921cefc155371435d083",
                          "r": 33,
                          "g": 37,
                          "b": 41,
                          "a": 1
                        }
                      }
                    }
                  ]
                }
              ],
              "component_name": "Forms/Support/Checkboxes / 01. Default"
            },
            {
              "id": "60ec5cd036471811ab559850",
              "source_id": "1:8992",
              "type": "group",
              "name": "Buttons",
              "rect": {
                "y": 256,
                "x": 24,
                "width": 72,
                "height": 36,
                "absolute": { "x": 40, "y": 418 }
              },
              "fills": [],
              "borders": [],
              "shadows": [],
              "opacity": 1,
              "blend_mode": "normal",
              "border_radius": 0,
              "rotation": 0,
              "exportable": false,
              "layers": [
                {
                  "id": "60ec5cd036471811ab559851",
                  "source_id": "I1:8992;672:3598",
                  "type": "group",
                  "name": "_base",
                  "rect": {
                    "y": 0,
                    "x": 0,
                    "width": 72,
                    "height": 36,
                    "absolute": { "x": 40, "y": 418 }
                  },
                  "fills": [
                    {
                      "type": "color",
                      "color": {
                        "source_id": "c1566b620fd281d3e798a3963dae3a8d0b7dadbb",
                        "r": 0,
                        "g": 123,
                        "b": 255,
                        "a": 1
                      },
                      "opacity": 1,
                      "blend_mode": "normal"
                    }
                  ],
                  "borders": [],
                  "shadows": [],
                  "opacity": 1,
                  "blend_mode": "normal",
                  "border_radius": 4,
                  "rotation": 0,
                  "exportable": false,
                  "layers": [
                    {
                      "id": "60ec5cd036471811ab559852",
                      "source_id": "I1:8992;672:3598;673:10123",
                      "type": "group",
                      "name": "Containter",
                      "rect": {
                        "y": 6,
                        "x": 12,
                        "width": 48,
                        "height": 24,
                        "absolute": { "x": 52, "y": 424 }
                      },
                      "fills": [],
                      "borders": [],
                      "shadows": [],
                      "opacity": 1,
                      "blend_mode": "normal",
                      "border_radius": 0,
                      "rotation": 0,
                      "exportable": false,
                      "layers": [
                        {
                          "id": "60ec5cd036471811ab559853",
                          "source_id": "I1:8992;672:3598;673:10125",
                          "type": "text",
                          "name": "Text",
                          "rect": {
                            "y": 0,
                            "x": 0,
                            "width": 48,
                            "height": 24,
                            "absolute": { "x": 52, "y": 424 }
                          },
                          "fills": [],
                          "borders": [],
                          "shadows": [],
                          "opacity": 1,
                          "blend_mode": "normal",
                          "border_radius": 0,
                          "rotation": 0,
                          "exportable": false,
                          "content": "Submit",
                          "text_styles": [
                            {
                              "range": { "location": 0, "length": 6 },
                              "style": {
                                "postscript_name": "SFProDisplay-Regular",
                                "font_family": "SFProDisplay",
                                "font_size": 16,
                                "font_weight": 400,
                                "font_style": "normal",
                                "font_stretch": 1,
                                "line_height": 24,
                                "text_align": "center",
                                "color": {
                                  "source_id": "7eef558da0dbff30d6ecb7c9aae9116174c0e751",
                                  "r": 255,
                                  "g": 255,
                                  "b": 255,
                                  "a": 1
                                }
                              }
                            }
                          ]
                        }
                      ]
                    }
                  ],
                  "component_name": "_base/Buttons/Default"
                }
              ],
              "component_name": "Buttons / Filled / Default / Primary / None / False"
            }
          ]
        }
      ]
    }
  ],
  "assets": []
}
