[
  {
    "id": "60ec5cd036471811ab55982c",
    "rect": {
      "y": 4,
      "x": 12,
      "width": 30,
      "height": 30,
      "absolute": { "x": 302.00000000000006, "y": 32 }
    },
    "component_name": "_base/Menu"
  },
  {
    "id": "60ec5cd036471811ab55982b",
    "rect": {
      "y": 0,
      "x": 0,
      "width": 54,
      "height": 38,
      "absolute": { "x": 290.00000000000006, "y": 28 }
    },
    "component_name": "_base/Navbar/Toggler"
  },
  {
    "id": "60ec5cd036471811ab559827",
    "rect": {
      "y": 0,
      "x": 0,
      "width": 359.99999999999994,
      "height": 56,
      "absolute": { "x": 5.684341886080802e-14, "y": 19 }
    },
    "component_name": "Navbar / 01. Base"
  },
  {
    "id": "60ec5cd036471811ab559826",
    "rect": {
      "y": 19,
      "x": 5.684341886080802e-14,
      "width": 359.99999999999994,
      "height": 56,
      "absolute": { "x": 5.684341886080802e-14, "y": 19 }
    },
    "component_name": "Navbar / 03. Primary"
  },
  {
    "id": "60ec5cd036471811ab559833",
    "rect": {
      "y": 0,
      "x": 0,
      "width": 54,
      "height": 24,
      "absolute": { "x": 16.000000000000057, "y": 87 }
    },
    "component_name": "_base/Breadcrumb/01. Default"
  },
  {
    "id": "60ec5cd036471811ab559837",
    "rect": {
      "y": 0,
      "x": 62,
      "width": 60,
      "height": 24,
      "absolute": { "x": 78.00000000000006, "y": 87 }
    },
    "component_name": "_base/Breadcrumb/01. Default"
  },
  {
    "id": "60ec5cd036471811ab55983b",
    "rect": {
      "y": 0,
      "x": 130,
      "width": 32,
      "height": 24,
      "absolute": { "x": 146.00000000000006, "y": 87 }
    },
    "component_name": "_base/Breadcrumb/02. Active"
  },
  {
    "id": "60ec5cd036471811ab559831",
    "rect": {
      "y": 75,
      "x": 5.684341886080802e-14,
      "width": 359.99999999999994,
      "height": 48,
      "absolute": { "x": 5.684341886080802e-14, "y": 75 }
    },
    "component_name": "Breadcrumb / 02. Links"
  },
  {
    "id": "60ec5cd036471811ab55983f",
    "rect": {
      "y": 0,
      "x": 0,
      "width": 280,
      "height": 32,
      "absolute": { "x": 40, "y": 186 }
    },
    "component_name": "_base/Forms/Label"
  },
  {
    "id": "60ec5cd036471811ab559841",
    "rect": {
      "y": 32,
      "x": 0,
      "width": 280,
      "height": 36,
      "absolute": { "x": 40, "y": 218 }
    },
    "component_name": "_base/Forms/01. Input/02. Default"
  },
  {
    "id": "60ec5cd036471811ab559844",
    "rect": {
      "y": 68,
      "x": 0,
      "width": 280,
      "height": 24,
      "absolute": { "x": 40, "y": 254 }
    },
    "component_name": "_base/Forms/Help text"
  },
  {
    "id": "60ec5cd036471811ab55983e",
    "rect": {
      "y": 24,
      "x": 24,
      "width": 280,
      "height": 92,
      "absolute": { "x": 40, "y": 186 }
    },
    "component_name": "Forms/Inputs / 02. Default / 01. Default"
  },
  {
    "id": "60ec5cd036471811ab559847",
    "rect": {
      "y": 0,
      "x": 0,
      "width": 280,
      "height": 32,
      "absolute": { "x": 40, "y": 294 }
    },
    "component_name": "_base/Forms/Label"
  },
  {
    "id": "60ec5cd036471811ab559849",
    "rect": {
      "y": 32,
      "x": 0,
      "width": 280,
      "height": 36,
      "absolute": { "x": 40, "y": 326 }
    },
    "component_name": "_base/Forms/01. Input/02. Default"
  },
  {
    "id": "60ec5cd036471811ab559846",
    "rect": {
      "y": 132,
      "x": 24,
      "width": 280,
      "height": 68,
      "absolute": { "x": 40, "y": 294 }
    },
    "component_name": "Forms/Inputs / 02. Default / 01. Default"
  },
  {
    "id": "60ec5cd036471811ab55984d",
    "rect": {
      "y": 5.5,
      "x": 0,
      "width": 13,
      "height": 13,
      "absolute": { "x": 40, "y": 383.5 }
    },
    "component_name": "_base/Forms/Support/Checkbox / 01. Default"
  },
  {
    "id": "60ec5cd036471811ab55984c",
    "rect": {
      "y": 216,
      "x": 24,
      "width": 113,
      "height": 24,
      "absolute": { "x": 40, "y": 378 }
    },
    "component_name": "Forms/Support/Checkboxes / 01. Default"
  },
  {
    "id": "60ec5cd036471811ab559851",
    "rect": {
      "y": 0,
      "x": 0,
      "width": 72,
      "height": 36,
      "absolute": { "x": 40, "y": 418 }
    },
    "component_name": "_base/Buttons/Default"
  },
  {
    "id": "60ec5cd036471811ab559850",
    "rect": {
      "y": 256,
      "x": 24,
      "width": 72,
      "height": 36,
      "absolute": { "x": 40, "y": 418 }
    },
    "component_name": "Buttons / Filled / Default / Primary / None / False"
  }
]
